<?xml version="1.0"?>
<doc>
    <assembly>
        <name>CDTY.DataAnalysis.Entity</name>
    </assembly>
    <members>
        <member name="T:CDTY.DataAnalysis.Entity.Assignment2CEntity">
            <summary>
            任务分工
            </summary>
        </member>
        <member name="P:CDTY.DataAnalysis.Entity.Assignment2CEntity.Tasks">
            <summary>
            任务列表
            </summary>
        </member>
        <member name="T:CDTY.DataAnalysis.Entity.Assignment4CEntity">
            <summary>
            任务分工
            </summary>
        </member>
        <member name="P:CDTY.DataAnalysis.Entity.Assignment4CEntity.Sites">
            <summary>
            站区列表
            </summary>
        </member>
        <member name="T:CDTY.DataAnalysis.Entity.BigPicEntity">
            <summary>
            大图信息
            </summary>
        </member>
        <member name="P:CDTY.DataAnalysis.Entity.BigPicEntity.PicData">
            <summary>
            图片数据
            </summary>
        </member>
        <member name="P:CDTY.DataAnalysis.Entity.BigPicEntity.DefectCodes">
            <summary>
            缺陷列表
            </summary>
        </member>
        <member name="P:CDTY.DataAnalysis.Entity.BigPicEntity.CurrentDefects">
            <summary>
            当前缺陷
            </summary>
        </member>
        <member name="P:CDTY.DataAnalysis.Entity.BigPicEntity.HistoryDefects">
            <summary>
            历史缺陷
            </summary>
        </member>
        <member name="T:CDTY.DataAnalysis.Entity.DefectMenuEntity">
            <summary>
            缺陷标记右键菜单对象
            </summary>
        </member>
        <member name="P:CDTY.DataAnalysis.Entity.DefectMenuEntity.PHMCodes">
            <summary>
            PHM编码（基本由界面属性组合而成）
            </summary>
        </member>
        <member name="P:CDTY.DataAnalysis.Entity.DefectMenuEntity.DefectMark">
            <summary>
            缺陷标记信息
            </summary>
        </member>
        <member name="P:CDTY.DataAnalysis.Entity.DefectMenuEntity.DataAcquisitionMode">
            <summary>
            数据采集方式
            </summary>
        </member>
        <!-- 对于成员“P:CDTY.DataAnalysis.Entity.DefectMenuEntity.RailwaySsequence”忽略有格式错误的 XML 注释 -->
        <!-- 对于成员“P:CDTY.DataAnalysis.Entity.DefectMenuEntity.DedicatedLine”忽略有格式错误的 XML 注释 -->
        <!-- 对于成员“P:CDTY.DataAnalysis.Entity.DefectMenuEntity.DedicatedStation”忽略有格式错误的 XML 注释 -->
        <!-- 对于成员“P:CDTY.DataAnalysis.Entity.DefectMenuEntity.BasicUnit”忽略有格式错误的 XML 注释 -->
        <!-- 对于成员“P:CDTY.DataAnalysis.Entity.DefectMenuEntity.DetectionVehicles”忽略有格式错误的 XML 注释 -->
        <!-- 对于成员“P:CDTY.DataAnalysis.Entity.DefectMenuEntity.ResponsibilityWorkshop”忽略有格式错误的 XML 注释 -->
        <!-- 对于成员“P:CDTY.DataAnalysis.Entity.DefectMenuEntity.ResponsibilityWorkArea”忽略有格式错误的 XML 注释 -->
        <!-- 对于成员“P:CDTY.DataAnalysis.Entity.DefectMenuEntity.KmLog”忽略有格式错误的 XML 注释 -->
        <!-- 对于成员“P:CDTY.DataAnalysis.Entity.DefectMenuEntity.DetectDate”忽略有格式错误的 XML 注释 -->
        <!-- 对于成员“P:CDTY.DataAnalysis.Entity.DefectMenuEntity.DefectOrMarkCodes”忽略有格式错误的 XML 注释 -->
        <member name="P:CDTY.DataAnalysis.Entity.DefectMenuEntity.tyeAdminUserEntity">
            <summary>
            当前用户
            </summary>
        </member>
        <member name="P:CDTY.DataAnalysis.Entity.DefectMenuEntity.CommonHistoricalDefectsOrMark">
            <summary>
            最近使用缺陷、标定；历史使用缺陷、样本标定次数top number
            </summary>
        </member>
        <member name="T:CDTY.DataAnalysis.Entity.DefectMarkEntity">
            <summary>
            缺陷标记
            </summary>
        </member>
        <member name="P:CDTY.DataAnalysis.Entity.DefectMarkEntity.DefectName">
            <summary>
            缺陷名称
            </summary>
        </member>
        <!-- 对于成员“P:CDTY.DataAnalysis.Entity.DefectMarkEntity.FilePath”忽略有格式错误的 XML 注释 -->
        <member name="P:CDTY.DataAnalysis.Entity.DefectMarkEntity.AreaType">
            <summary>
            区域类型
            </summary>
        </member>
        <member name="T:CDTY.DataAnalysis.Entity.UserTaskEntity">
            <summary>
            文件详细
            </summary>
        </member>
        <member name="P:CDTY.DataAnalysis.Entity.UserTaskEntity.ActualDetectDate">
            <summary>
            检测日期
            </summary>
        </member>
        <member name="P:CDTY.DataAnalysis.Entity.UserTaskEntity.LineName">
            <summary>
            线路名称
            </summary>
        </member>
        <member name="P:CDTY.DataAnalysis.Entity.UserTaskEntity.StartSiteName">
            <summary>
            开始站名称
            </summary>
        </member>
        <member name="P:CDTY.DataAnalysis.Entity.UserTaskEntity.EndSiteName">
            <summary>
            截止站名称
            </summary>
        </member>
        <member name="P:CDTY.DataAnalysis.Entity.UserTaskEntity.StartPoleCode">
            <summary>
            开始杆号
            </summary>
        </member>
        <member name="P:CDTY.DataAnalysis.Entity.UserTaskEntity.EndPoleCode">
            <summary>
            结束杆号
            </summary>
        </member>
        <member name="T:CDTY.DataAnalysis.Entity.FileDetailEntity">
            <summary>
            文件详细
            </summary>
        </member>
        <member name="P:CDTY.DataAnalysis.Entity.FileDetailEntity.DeviceType">
            <summary>
            装置类型
            </summary>
        </member>
        <member name="P:CDTY.DataAnalysis.Entity.FileDetailEntity.Manufacturer">
            <summary>
            设备厂商
            </summary>
        </member>
        <member name="P:CDTY.DataAnalysis.Entity.FileDetailEntity.Direction">
            <summary>
            行别
            </summary>
        </member>
        <member name="P:CDTY.DataAnalysis.Entity.FileDetailEntity.Line">
            <summary>
            线路信息
            </summary>
        </member>
        <member name="P:CDTY.DataAnalysis.Entity.FileDetailEntity.SiteStart">
            <summary>
            起始站
            </summary>
        </member>
        <member name="P:CDTY.DataAnalysis.Entity.FileDetailEntity.SiteEnd">
            <summary>
            结束站
            </summary>
        </member>
        <member name="T:CDTY.DataAnalysis.Entity.AssignmentEntity">
            <summary>
            任务分工
            </summary>
        </member>
        <member name="P:CDTY.DataAnalysis.Entity.AssignmentEntity.FileInfo">
            <summary>
            文件信息
            </summary>
        </member>
        <member name="P:CDTY.DataAnalysis.Entity.AssignmentEntity.Users">
            <summary>
            用户列表
            </summary>
        </member>
        <member name="P:CDTY.DataAnalysis.Entity.AssignmentEntity.UserTasks">
            <summary>
            已分配任务
            </summary>
        </member>
        <member name="T:CDTY.DataAnalysis.Entity.UserTaskSearchEntity">
            <summary>
            用户任务查询参数
            </summary>
        </member>
        <member name="P:CDTY.DataAnalysis.Entity.UserTaskSearchEntity.UserId">
            <summary>
            用户Id
            </summary>
        </member>
        <member name="P:CDTY.DataAnalysis.Entity.UserTaskSearchEntity.DateStart">
            <summary>
            开始时间
            </summary>
        </member>
        <member name="P:CDTY.DataAnalysis.Entity.UserTaskSearchEntity.DateEnd">
            <summary>
            结束时间
            </summary>
        </member>
        <member name="P:CDTY.DataAnalysis.Entity.UserTaskSearchEntity.SearchType">
            <summary>
            查询参数类型
            </summary>
        </member>
        <member name="P:CDTY.DataAnalysis.Entity.UserTaskSearchEntity.DeviceType">
            <summary>
            装置类别
            </summary>
        </member>
        <member name="T:CDTY.DataAnalysis.Entity.SearchTypeEnum">
            <summary>
            查询参数类型
            </summary>
        </member>
        <member name="F:CDTY.DataAnalysis.Entity.SearchTypeEnum.CompleteDate">
            <summary>
            分析完成日期
            </summary>
        </member>
        <member name="F:CDTY.DataAnalysis.Entity.SearchTypeEnum.DetectDate">
            <summary>
            检测时间
            </summary>
        </member>
        <member name="F:CDTY.DataAnalysis.Entity.SearchTypeEnum.All">
            <summary>
            全部
            </summary>
        </member>
        <!-- 对于成员“T:CDTY.DataAnalysis.Entity.TyeBasePillarEntity”忽略有格式错误的 XML 注释 -->
        <!-- 对于成员“P:CDTY.DataAnalysis.Entity.TyeBasePillarEntity.ID”忽略有格式错误的 XML 注释 -->
        <!-- 对于成员“P:CDTY.DataAnalysis.Entity.TyeBasePillarEntity.PoleCode”忽略有格式错误的 XML 注释 -->
        <!-- 对于成员“P:CDTY.DataAnalysis.Entity.TyeBasePillarEntity.KMLogo”忽略有格式错误的 XML 注释 -->
        <!-- 对于成员“P:CDTY.DataAnalysis.Entity.TyeBasePillarEntity.IsDelete”忽略有格式错误的 XML 注释 -->
        <!-- 对于成员“P:CDTY.DataAnalysis.Entity.TyeBasePillarEntity.SiteID”忽略有格式错误的 XML 注释 -->
        <!-- 对于成员“P:CDTY.DataAnalysis.Entity.TyeBasePillarEntity.Creater”忽略有格式错误的 XML 注释 -->
        <!-- 对于成员“P:CDTY.DataAnalysis.Entity.TyeBasePillarEntity.CreateTime”忽略有格式错误的 XML 注释 -->
        <!-- 对于成员“P:CDTY.DataAnalysis.Entity.TyeBasePillarEntity.Publisher”忽略有格式错误的 XML 注释 -->
        <!-- 对于成员“P:CDTY.DataAnalysis.Entity.TyeBasePillarEntity.PublishTime”忽略有格式错误的 XML 注释 -->
        <!-- 对于成员“P:CDTY.DataAnalysis.Entity.TyeBasePillarEntity.IsRolledBack”忽略有格式错误的 XML 注释 -->
        <!-- 对于成员“P:CDTY.DataAnalysis.Entity.TyeBasePillarEntity.Version”忽略有格式错误的 XML 注释 -->
        <!-- 对于成员“P:CDTY.DataAnalysis.Entity.TyeBasePillarEntity.VersionInUseTime”忽略有格式错误的 XML 注释 -->
        <!-- 对于成员“T:CDTY.DataAnalysis.Entity.TyeDataSamplemodelEntity”忽略有格式错误的 XML 注释 -->
        <!-- 对于成员“P:CDTY.DataAnalysis.Entity.TyeDataSamplemodelEntity.ID”忽略有格式错误的 XML 注释 -->
        <!-- 对于成员“P:CDTY.DataAnalysis.Entity.TyeDataSamplemodelEntity.LineID”忽略有格式错误的 XML 注释 -->
        <!-- 对于成员“P:CDTY.DataAnalysis.Entity.TyeDataSamplemodelEntity.SampleModel”忽略有格式错误的 XML 注释 -->
        <!-- 对于成员“P:CDTY.DataAnalysis.Entity.TyeDataSamplemodelEntity.CreateTime”忽略有格式错误的 XML 注释 -->
        <!-- 对于成员“P:CDTY.DataAnalysis.Entity.TyeDataSamplemodelEntity.Version”忽略有格式错误的 XML 注释 -->
        <!-- 对于成员“T:CDTY.DataAnalysis.Entity.TyeDefectImgmarkinfoEntity”忽略有格式错误的 XML 注释 -->
        <!-- 对于成员“P:CDTY.DataAnalysis.Entity.TyeDefectImgmarkinfoEntity.ID”忽略有格式错误的 XML 注释 -->
        <!-- 对于成员“P:CDTY.DataAnalysis.Entity.TyeDefectImgmarkinfoEntity.DefectCode”忽略有格式错误的 XML 注释 -->
        <!-- 对于成员“P:CDTY.DataAnalysis.Entity.TyeDefectImgmarkinfoEntity.DefectState”忽略有格式错误的 XML 注释 -->
        <!-- 对于成员“P:CDTY.DataAnalysis.Entity.TyeDefectImgmarkinfoEntity.XCoordinate”忽略有格式错误的 XML 注释 -->
        <!-- 对于成员“P:CDTY.DataAnalysis.Entity.TyeDefectImgmarkinfoEntity.YCoordinate”忽略有格式错误的 XML 注释 -->
        <!-- 对于成员“P:CDTY.DataAnalysis.Entity.TyeDefectImgmarkinfoEntity.Height”忽略有格式错误的 XML 注释 -->
        <!-- 对于成员“P:CDTY.DataAnalysis.Entity.TyeDefectImgmarkinfoEntity.Width”忽略有格式错误的 XML 注释 -->
        <!-- 对于成员“P:CDTY.DataAnalysis.Entity.TyeDefectImgmarkinfoEntity.MarkType”忽略有格式错误的 XML 注释 -->
        <!-- 对于成员“P:CDTY.DataAnalysis.Entity.TyeDefectImgmarkinfoEntity.KMLogo”忽略有格式错误的 XML 注释 -->
        <!-- 对于成员“P:CDTY.DataAnalysis.Entity.TyeDefectImgmarkinfoEntity.Speed”忽略有格式错误的 XML 注释 -->
        <!-- 对于成员“P:CDTY.DataAnalysis.Entity.TyeDefectImgmarkinfoEntity.PillarID”忽略有格式错误的 XML 注释 -->
        <!-- 对于成员“P:CDTY.DataAnalysis.Entity.TyeDefectImgmarkinfoEntity.FileID”忽略有格式错误的 XML 注释 -->
        <!-- 对于成员“P:CDTY.DataAnalysis.Entity.TyeDefectImgmarkinfoEntity.Creater”忽略有格式错误的 XML 注释 -->
        <!-- 对于成员“P:CDTY.DataAnalysis.Entity.TyeDefectImgmarkinfoEntity.CreateTime”忽略有格式错误的 XML 注释 -->
        <!-- 对于成员“P:CDTY.DataAnalysis.Entity.TyeDefectImgmarkinfoEntity.Publisher”忽略有格式错误的 XML 注释 -->
        <!-- 对于成员“P:CDTY.DataAnalysis.Entity.TyeDefectImgmarkinfoEntity.PublishTime”忽略有格式错误的 XML 注释 -->
        <!-- 对于成员“P:CDTY.DataAnalysis.Entity.TyeDefectImgmarkinfoEntity.DataPatchID”忽略有格式错误的 XML 注释 -->
        <!-- 对于成员“T:CDTY.DataAnalysis.Entity.TyeEncodeCategoryconfigEntity”忽略有格式错误的 XML 注释 -->
        <!-- 对于成员“P:CDTY.DataAnalysis.Entity.TyeEncodeCategoryconfigEntity.ID”忽略有格式错误的 XML 注释 -->
        <!-- 对于成员“P:CDTY.DataAnalysis.Entity.TyeEncodeCategoryconfigEntity.ParentID”忽略有格式错误的 XML 注释 -->
        <!-- 对于成员“P:CDTY.DataAnalysis.Entity.TyeEncodeCategoryconfigEntity.Name”忽略有格式错误的 XML 注释 -->
        <!-- 对于成员“P:CDTY.DataAnalysis.Entity.TyeEncodeCategoryconfigEntity.Code”忽略有格式错误的 XML 注释 -->
        <!-- 对于成员“T:CDTY.DataAnalysis.Entity.TyeEncodeDeviceEntity”忽略有格式错误的 XML 注释 -->
        <!-- 对于成员“P:CDTY.DataAnalysis.Entity.TyeEncodeDeviceEntity.ID”忽略有格式错误的 XML 注释 -->
        <!-- 对于成员“P:CDTY.DataAnalysis.Entity.TyeEncodeDeviceEntity.ParentID”忽略有格式错误的 XML 注释 -->
        <!-- 对于成员“P:CDTY.DataAnalysis.Entity.TyeEncodeDeviceEntity.Name”忽略有格式错误的 XML 注释 -->
        <!-- 对于成员“P:CDTY.DataAnalysis.Entity.TyeEncodeDeviceEntity.NamePY”忽略有格式错误的 XML 注释 -->
        <!-- 对于成员“P:CDTY.DataAnalysis.Entity.TyeEncodeDeviceEntity.RootCode”忽略有格式错误的 XML 注释 -->
        <!-- 对于成员“P:CDTY.DataAnalysis.Entity.TyeEncodeDeviceEntity.Code”忽略有格式错误的 XML 注释 -->
        <!-- 对于成员“P:CDTY.DataAnalysis.Entity.TyeEncodeDeviceEntity.ParamState”忽略有格式错误的 XML 注释 -->
        <!-- 对于成员“P:CDTY.DataAnalysis.Entity.TyeEncodeDeviceEntity.DefaultRate”忽略有格式错误的 XML 注释 -->
        <!-- 对于成员“P:CDTY.DataAnalysis.Entity.TyeEncodeDeviceEntity.ValueType”忽略有格式错误的 XML 注释 -->
        <!-- 对于成员“P:CDTY.DataAnalysis.Entity.TyeEncodeDeviceEntity.Unit”忽略有格式错误的 XML 注释 -->
        <!-- 对于成员“P:CDTY.DataAnalysis.Entity.TyeEncodeDeviceEntity.OrderNo”忽略有格式错误的 XML 注释 -->
        <!-- 对于成员“P:CDTY.DataAnalysis.Entity.TyeEncodeDeviceEntity.IsDelete”忽略有格式错误的 XML 注释 -->
        <!-- 对于成员“P:CDTY.DataAnalysis.Entity.TyeEncodeDeviceEntity.UsedIn1C”忽略有格式错误的 XML 注释 -->
        <!-- 对于成员“P:CDTY.DataAnalysis.Entity.TyeEncodeDeviceEntity.UsedIn2C”忽略有格式错误的 XML 注释 -->
        <!-- 对于成员“P:CDTY.DataAnalysis.Entity.TyeEncodeDeviceEntity.UsedIn3C”忽略有格式错误的 XML 注释 -->
        <!-- 对于成员“P:CDTY.DataAnalysis.Entity.TyeEncodeDeviceEntity.UsedIn4C”忽略有格式错误的 XML 注释 -->
        <!-- 对于成员“P:CDTY.DataAnalysis.Entity.TyeEncodeDeviceEntity.UsedIn5C”忽略有格式错误的 XML 注释 -->
        <!-- 对于成员“P:CDTY.DataAnalysis.Entity.TyeEncodeDeviceEntity.UsedIn6C”忽略有格式错误的 XML 注释 -->
        <!-- 对于成员“T:CDTY.DataAnalysis.Entity.TyeRawdataFileinfoEntity”忽略有格式错误的 XML 注释 -->
        <!-- 对于成员“P:CDTY.DataAnalysis.Entity.TyeRawdataFileinfoEntity.ID”忽略有格式错误的 XML 注释 -->
        <!-- 对于成员“P:CDTY.DataAnalysis.Entity.TyeRawdataFileinfoEntity.LineID”忽略有格式错误的 XML 注释 -->
        <!-- 对于成员“P:CDTY.DataAnalysis.Entity.TyeRawdataFileinfoEntity.SiteID”忽略有格式错误的 XML 注释 -->
        <!-- 对于成员“P:CDTY.DataAnalysis.Entity.TyeRawdataFileinfoEntity.PoleID”忽略有格式错误的 XML 注释 -->
        <!-- 对于成员“P:CDTY.DataAnalysis.Entity.TyeRawdataFileinfoEntity.Speed”忽略有格式错误的 XML 注释 -->
        <!-- 对于成员“P:CDTY.DataAnalysis.Entity.TyeRawdataFileinfoEntity.FilePath”忽略有格式错误的 XML 注释 -->
        <!-- 对于成员“P:CDTY.DataAnalysis.Entity.TyeRawdataFileinfoEntity.FileState”忽略有格式错误的 XML 注释 -->
        <!-- 对于成员“P:CDTY.DataAnalysis.Entity.TyeRawdataFileinfoEntity.DataPatchID”忽略有格式错误的 XML 注释 -->
        <!-- 对于成员“P:CDTY.DataAnalysis.Entity.DefectUsedRecord.DefectCommonUsed”忽略有格式错误的 XML 注释 -->
        <member name="M:CDTY.DataAnalysis.Entity.DefectUsedRecord.CopyParent``2(``0)">
            <summary>
            拷贝父类对象到子类
            </summary>
            <typeparam name="P">父类</typeparam>
            <typeparam name="C">子类</typeparam>
            <param name="parent">父类对象</param>
            <returns></returns>
        </member>
        <!-- 对于成员“T:CDTY.DataAnalysis.Entity.DefectCommonUsed”忽略有格式错误的 XML 注释 -->
        <member name="P:CDTY.DataAnalysis.Entity.DefectCommonUsed.Describletion">
            <summary>
            描述
            </summary>
        </member>
        <member name="P:CDTY.DataAnalysis.Entity.DefectCommonUsed.CountUse">
            <summary>
            使用次数
            </summary>
        </member>
        <member name="T:CDTY.DataAnalysis.Entity.TaskTypeEnum">
            <summary>
            任务类型枚举
            </summary>
        </member>
        <member name="F:CDTY.DataAnalysis.Entity.TaskTypeEnum.DetectionTask">
            <summary>
            检测任务
            </summary>
        </member>
        <member name="F:CDTY.DataAnalysis.Entity.TaskTypeEnum.SamplesCalibrationTask">
            <summary>
            样本标定任务
            </summary>
        </member>
        <member name="T:CDTY.DataAnalysis.Entity.DefectStateEnum">
            <summary>
            缺陷状态枚举
            </summary>
        </member>
        <member name="F:CDTY.DataAnalysis.Entity.DefectStateEnum.DefectComfirm">
            <summary>
            确认缺陷
            </summary>
        </member>
        <member name="F:CDTY.DataAnalysis.Entity.DefectStateEnum.DefectSuspected">
            <summary>
            疑似缺陷
            </summary>
        </member>
        <member name="F:CDTY.DataAnalysis.Entity.DefectStateEnum.DefectDelete">
            <summary>
            删除状态
            </summary>
        </member>
        <member name="T:CDTY.DataAnalysis.Entity.CategoryEnum">
            <summary>
            分类代码枚举
            </summary>
        </member>
        <member name="F:CDTY.DataAnalysis.Entity.CategoryEnum.DeviceType">
            <summary>
            装置类型
            </summary>
        </member>
        <member name="F:CDTY.DataAnalysis.Entity.CategoryEnum.Manufacturer">
            <summary>
            设备厂家
            </summary>
        </member>
        <member name="F:CDTY.DataAnalysis.Entity.CategoryEnum.Direction">
            <summary>
            行别
            </summary>
        </member>
        <member name="F:CDTY.DataAnalysis.Entity.CategoryEnum.AreaType">
            <summary>
            区域类型
            </summary>
        </member>
        <member name="F:CDTY.DataAnalysis.Entity.CategoryEnum.QuickPositioning">
            <summary>
            快速定位
            </summary>
        </member>
        <member name="F:CDTY.DataAnalysis.Entity.CategoryEnum.DefectType">
            <summary>
            缺陷类型
            </summary>
        </member>
        <!-- 对于成员“T:CDTY.DataAnalysis.Entity.TyeBaseAlgchildtaskEntity”忽略有格式错误的 XML 注释 -->
        <!-- 对于成员“P:CDTY.DataAnalysis.Entity.TyeBaseAlgchildtaskEntity.ID”忽略有格式错误的 XML 注释 -->
        <!-- 对于成员“P:CDTY.DataAnalysis.Entity.TyeBaseAlgchildtaskEntity.ParentID”忽略有格式错误的 XML 注释 -->
        <!-- 对于成员“P:CDTY.DataAnalysis.Entity.TyeBaseAlgchildtaskEntity.TaskName”忽略有格式错误的 XML 注释 -->
        <!-- 对于成员“P:CDTY.DataAnalysis.Entity.TyeBaseAlgchildtaskEntity.AlgID”忽略有格式错误的 XML 注释 -->
        <!-- 对于成员“P:CDTY.DataAnalysis.Entity.TyeBaseAlgchildtaskEntity.CreateTime”忽略有格式错误的 XML 注释 -->
        <!-- 对于成员“P:CDTY.DataAnalysis.Entity.TyeBaseAlgchildtaskEntity.AlgProcessID”忽略有格式错误的 XML 注释 -->
        <!-- 对于成员“P:CDTY.DataAnalysis.Entity.TyeBaseAlgchildtaskEntity.AlgProgressID”忽略有格式错误的 XML 注释 -->
        <!-- 对于成员“P:CDTY.DataAnalysis.Entity.TyeBaseAlgchildtaskEntity.AlgBeginDateTime”忽略有格式错误的 XML 注释 -->
        <!-- 对于成员“P:CDTY.DataAnalysis.Entity.TyeBaseAlgchildtaskEntity.AlgTaskState”忽略有格式错误的 XML 注释 -->
        <!-- 对于成员“P:CDTY.DataAnalysis.Entity.TyeBaseAlgchildtaskEntity.Context”忽略有格式错误的 XML 注释 -->
        <!-- 对于成员“P:CDTY.DataAnalysis.Entity.TyeBaseAlgchildtaskEntity.AlgResult”忽略有格式错误的 XML 注释 -->
        <!-- 对于成员“P:CDTY.DataAnalysis.Entity.TyeBaseAlgchildtaskEntity.SendState”忽略有格式错误的 XML 注释 -->
        <!-- 对于成员“P:CDTY.DataAnalysis.Entity.TyeBaseAlgchildtaskEntity.AlgProgress”忽略有格式错误的 XML 注释 -->
        <!-- 对于成员“T:CDTY.DataAnalysis.Entity.TyeBaseAlgorithmEntity”忽略有格式错误的 XML 注释 -->
        <!-- 对于成员“P:CDTY.DataAnalysis.Entity.TyeBaseAlgorithmEntity.ID”忽略有格式错误的 XML 注释 -->
        <!-- 对于成员“P:CDTY.DataAnalysis.Entity.TyeBaseAlgorithmEntity.AlgName”忽略有格式错误的 XML 注释 -->
        <!-- 对于成员“P:CDTY.DataAnalysis.Entity.TyeBaseAlgorithmEntity.AlgInput”忽略有格式错误的 XML 注释 -->
        <!-- 对于成员“P:CDTY.DataAnalysis.Entity.TyeBaseAlgorithmEntity.RelatedAlgID”忽略有格式错误的 XML 注释 -->
        <!-- 对于成员“P:CDTY.DataAnalysis.Entity.TyeBaseAlgorithmEntity.RelatedAlgName”忽略有格式错误的 XML 注释 -->
        <!-- 对于成员“P:CDTY.DataAnalysis.Entity.TyeBaseAlgorithmEntity.AlgPath”忽略有格式错误的 XML 注释 -->
        <!-- 对于成员“P:CDTY.DataAnalysis.Entity.TyeBaseAlgorithmEntity.AlgDllFullName”忽略有格式错误的 XML 注释 -->
        <!-- 对于成员“P:CDTY.DataAnalysis.Entity.TyeBaseAlgorithmEntity.OverTime”忽略有格式错误的 XML 注释 -->
        <!-- 对于成员“P:CDTY.DataAnalysis.Entity.TyeBaseAlgorithmEntity.SampleModelID”忽略有格式错误的 XML 注释 -->
        <!-- 对于成员“T:CDTY.DataAnalysis.Entity.TyeBaseAlgtaskEntity”忽略有格式错误的 XML 注释 -->
        <!-- 对于成员“P:CDTY.DataAnalysis.Entity.TyeBaseAlgtaskEntity.ID”忽略有格式错误的 XML 注释 -->
        <!-- 对于成员“P:CDTY.DataAnalysis.Entity.TyeBaseAlgtaskEntity.TaskName”忽略有格式错误的 XML 注释 -->
        <!-- 对于成员“P:CDTY.DataAnalysis.Entity.TyeBaseAlgtaskEntity.AlgID”忽略有格式错误的 XML 注释 -->
        <!-- 对于成员“P:CDTY.DataAnalysis.Entity.TyeBaseAlgtaskEntity.CreateTime”忽略有格式错误的 XML 注释 -->
        <!-- 对于成员“P:CDTY.DataAnalysis.Entity.TyeBaseAlgtaskEntity.AlgProcessKey”忽略有格式错误的 XML 注释 -->
        <!-- 对于成员“P:CDTY.DataAnalysis.Entity.TyeBaseAlgtaskEntity.AlgProcessID”忽略有格式错误的 XML 注释 -->
        <!-- 对于成员“P:CDTY.DataAnalysis.Entity.TyeBaseAlgtaskEntity.AlgBeginDateTime”忽略有格式错误的 XML 注释 -->
        <!-- 对于成员“P:CDTY.DataAnalysis.Entity.TyeBaseAlgtaskEntity.AlgTaskState”忽略有格式错误的 XML 注释 -->
        <!-- 对于成员“P:CDTY.DataAnalysis.Entity.TyeBaseAlgtaskEntity.Context”忽略有格式错误的 XML 注释 -->
        <!-- 对于成员“P:CDTY.DataAnalysis.Entity.TyeBaseAlgtaskEntity.AlgResult”忽略有格式错误的 XML 注释 -->
        <!-- 对于成员“P:CDTY.DataAnalysis.Entity.TyeBaseAlgtaskEntity.SendState”忽略有格式错误的 XML 注释 -->
        <!-- 对于成员“P:CDTY.DataAnalysis.Entity.TyeBaseAlgtaskEntity.AlgProgress”忽略有格式错误的 XML 注释 -->
        <!-- 对于成员“T:CDTY.DataAnalysis.Entity.TyeBaseDatapatchEntity”忽略有格式错误的 XML 注释 -->
        <!-- 对于成员“P:CDTY.DataAnalysis.Entity.TyeBaseDatapatchEntity.ID”忽略有格式错误的 XML 注释 -->
        <!-- 对于成员“P:CDTY.DataAnalysis.Entity.TyeBaseDatapatchEntity.DataPatchName”忽略有格式错误的 XML 注释 -->
        <!-- 对于成员“P:CDTY.DataAnalysis.Entity.TyeBaseDatapatchEntity.LineID”忽略有格式错误的 XML 注释 -->
        <!-- 对于成员“P:CDTY.DataAnalysis.Entity.TyeBaseDatapatchEntity.Direction”忽略有格式错误的 XML 注释 -->
        <!-- 对于成员“P:CDTY.DataAnalysis.Entity.TyeBaseDatapatchEntity.StartSiteID”忽略有格式错误的 XML 注释 -->
        <!-- 对于成员“P:CDTY.DataAnalysis.Entity.TyeBaseDatapatchEntity.EndSiteID”忽略有格式错误的 XML 注释 -->
        <!-- 对于成员“P:CDTY.DataAnalysis.Entity.TyeBaseDatapatchEntity.DeviceType”忽略有格式错误的 XML 注释 -->
        <!-- 对于成员“P:CDTY.DataAnalysis.Entity.TyeBaseDatapatchEntity.DeviceProducer”忽略有格式错误的 XML 注释 -->
        <!-- 对于成员“P:CDTY.DataAnalysis.Entity.TyeBaseDatapatchEntity.PlanedDetectDate”忽略有格式错误的 XML 注释 -->
        <!-- 对于成员“P:CDTY.DataAnalysis.Entity.TyeBaseDatapatchEntity.ActualDetectDate”忽略有格式错误的 XML 注释 -->
        <!-- 对于成员“P:CDTY.DataAnalysis.Entity.TyeBaseDatapatchEntity.BeginUploadTime”忽略有格式错误的 XML 注释 -->
        <!-- 对于成员“P:CDTY.DataAnalysis.Entity.TyeBaseDatapatchEntity.UploadProgress”忽略有格式错误的 XML 注释 -->
        <!-- 对于成员“P:CDTY.DataAnalysis.Entity.TyeBaseDatapatchEntity.FinishUploadTime”忽略有格式错误的 XML 注释 -->
        <!-- 对于成员“P:CDTY.DataAnalysis.Entity.TyeBaseDatapatchEntity.Uploader”忽略有格式错误的 XML 注释 -->
        <!-- 对于成员“P:CDTY.DataAnalysis.Entity.TyeBaseDatapatchEntity.FileProcessState”忽略有格式错误的 XML 注释 -->
        <!-- 对于成员“P:CDTY.DataAnalysis.Entity.TyeBaseDatapatchEntity.LocalPath”忽略有格式错误的 XML 注释 -->
        <!-- 对于成员“P:CDTY.DataAnalysis.Entity.TyeBaseDatapatchEntity.OriginalServerPath”忽略有格式错误的 XML 注释 -->
        <!-- 对于成员“P:CDTY.DataAnalysis.Entity.TyeBaseDatapatchEntity.DataConvertProgress”忽略有格式错误的 XML 注释 -->
        <!-- 对于成员“P:CDTY.DataAnalysis.Entity.TyeBaseDatapatchEntity.FinalServerPath”忽略有格式错误的 XML 注释 -->
        <!-- 对于成员“T:CDTY.DataAnalysis.Entity.TyeBaseLineEntity”忽略有格式错误的 XML 注释 -->
        <!-- 对于成员“P:CDTY.DataAnalysis.Entity.TyeBaseLineEntity.ID”忽略有格式错误的 XML 注释 -->
        <!-- 对于成员“P:CDTY.DataAnalysis.Entity.TyeBaseLineEntity.LineCode”忽略有格式错误的 XML 注释 -->
        <!-- 对于成员“P:CDTY.DataAnalysis.Entity.TyeBaseLineEntity.LineName”忽略有格式错误的 XML 注释 -->
        <!-- 对于成员“P:CDTY.DataAnalysis.Entity.TyeBaseLineEntity.LineType”忽略有格式错误的 XML 注释 -->
        <!-- 对于成员“P:CDTY.DataAnalysis.Entity.TyeBaseLineEntity.StartAddress”忽略有格式错误的 XML 注释 -->
        <!-- 对于成员“P:CDTY.DataAnalysis.Entity.TyeBaseLineEntity.EndAddress”忽略有格式错误的 XML 注释 -->
        <!-- 对于成员“P:CDTY.DataAnalysis.Entity.TyeBaseLineEntity.Description”忽略有格式错误的 XML 注释 -->
        <!-- 对于成员“P:CDTY.DataAnalysis.Entity.TyeBaseLineEntity.Mileage”忽略有格式错误的 XML 注释 -->
        <!-- 对于成员“P:CDTY.DataAnalysis.Entity.TyeBaseLineEntity.Creater”忽略有格式错误的 XML 注释 -->
        <!-- 对于成员“P:CDTY.DataAnalysis.Entity.TyeBaseLineEntity.CreateTime”忽略有格式错误的 XML 注释 -->
        <!-- 对于成员“P:CDTY.DataAnalysis.Entity.TyeBaseLineEntity.PUBLISHER”忽略有格式错误的 XML 注释 -->
        <!-- 对于成员“P:CDTY.DataAnalysis.Entity.TyeBaseLineEntity.PUBLISHTIME”忽略有格式错误的 XML 注释 -->
        <!-- 对于成员“P:CDTY.DataAnalysis.Entity.TyeBaseLineEntity.ISROLLEDBACK”忽略有格式错误的 XML 注释 -->
        <!-- 对于成员“P:CDTY.DataAnalysis.Entity.TyeBaseLineEntity.VERSION”忽略有格式错误的 XML 注释 -->
        <!-- 对于成员“P:CDTY.DataAnalysis.Entity.TyeBaseLineEntity.VERSIONINUSETIME”忽略有格式错误的 XML 注释 -->
        <!-- 对于成员“T:CDTY.DataAnalysis.Entity.TyeBaseLinesiteEntity”忽略有格式错误的 XML 注释 -->
        <!-- 对于成员“P:CDTY.DataAnalysis.Entity.TyeBaseLinesiteEntity.ID”忽略有格式错误的 XML 注释 -->
        <!-- 对于成员“P:CDTY.DataAnalysis.Entity.TyeBaseLinesiteEntity.LineID”忽略有格式错误的 XML 注释 -->
        <!-- 对于成员“P:CDTY.DataAnalysis.Entity.TyeBaseLinesiteEntity.SiteID”忽略有格式错误的 XML 注释 -->
        <!-- 对于成员“P:CDTY.DataAnalysis.Entity.TyeBaseLinesiteEntity.SiteOrder”忽略有格式错误的 XML 注释 -->
        <!-- 对于成员“P:CDTY.DataAnalysis.Entity.TyeBaseLinesiteEntity.Version”忽略有格式错误的 XML 注释 -->
        <!-- 对于成员“P:CDTY.DataAnalysis.Entity.TyeBaseLinesiteEntity.VersionInUseTime”忽略有格式错误的 XML 注释 -->
        <!-- 对于成员“T:CDTY.DataAnalysis.Entity.TyeBaseSamplemodelEntity”忽略有格式错误的 XML 注释 -->
        <!-- 对于成员“P:CDTY.DataAnalysis.Entity.TyeBaseSamplemodelEntity.ID”忽略有格式错误的 XML 注释 -->
        <!-- 对于成员“P:CDTY.DataAnalysis.Entity.TyeBaseSamplemodelEntity.LineID”忽略有格式错误的 XML 注释 -->
        <!-- 对于成员“P:CDTY.DataAnalysis.Entity.TyeBaseSamplemodelEntity.SampleModel”忽略有格式错误的 XML 注释 -->
        <!-- 对于成员“P:CDTY.DataAnalysis.Entity.TyeBaseSamplemodelEntity.CreateTime”忽略有格式错误的 XML 注释 -->
        <!-- 对于成员“P:CDTY.DataAnalysis.Entity.TyeBaseSamplemodelEntity.Version”忽略有格式错误的 XML 注释 -->
        <!-- 对于成员“T:CDTY.DataAnalysis.Entity.TyeBaseSiteEntity”忽略有格式错误的 XML 注释 -->
        <!-- 对于成员“P:CDTY.DataAnalysis.Entity.TyeBaseSiteEntity.ID”忽略有格式错误的 XML 注释 -->
        <!-- 对于成员“P:CDTY.DataAnalysis.Entity.TyeBaseSiteEntity.SiteCode”忽略有格式错误的 XML 注释 -->
        <!-- 对于成员“P:CDTY.DataAnalysis.Entity.TyeBaseSiteEntity.SiteName”忽略有格式错误的 XML 注释 -->
        <!-- 对于成员“P:CDTY.DataAnalysis.Entity.TyeBaseSiteEntity.Direction”忽略有格式错误的 XML 注释 -->
        <!-- 对于成员“P:CDTY.DataAnalysis.Entity.TyeBaseSiteEntity.StartLongitude”忽略有格式错误的 XML 注释 -->
        <!-- 对于成员“P:CDTY.DataAnalysis.Entity.TyeBaseSiteEntity.StartLatitude”忽略有格式错误的 XML 注释 -->
        <!-- 对于成员“P:CDTY.DataAnalysis.Entity.TyeBaseSiteEntity.EndLongitude”忽略有格式错误的 XML 注释 -->
        <!-- 对于成员“P:CDTY.DataAnalysis.Entity.TyeBaseSiteEntity.EndLatitude”忽略有格式错误的 XML 注释 -->
        <!-- 对于成员“P:CDTY.DataAnalysis.Entity.TyeBaseSiteEntity.StartKMLogo”忽略有格式错误的 XML 注释 -->
        <!-- 对于成员“P:CDTY.DataAnalysis.Entity.TyeBaseSiteEntity.EndKMLogo”忽略有格式错误的 XML 注释 -->
        <!-- 对于成员“P:CDTY.DataAnalysis.Entity.TyeBaseSiteEntity.StartDeviceID”忽略有格式错误的 XML 注释 -->
        <!-- 对于成员“P:CDTY.DataAnalysis.Entity.TyeBaseSiteEntity.EndDeviceID”忽略有格式错误的 XML 注释 -->
        <!-- 对于成员“P:CDTY.DataAnalysis.Entity.TyeBaseSiteEntity.Creater”忽略有格式错误的 XML 注释 -->
        <!-- 对于成员“P:CDTY.DataAnalysis.Entity.TyeBaseSiteEntity.CreateTime”忽略有格式错误的 XML 注释 -->
        <!-- 对于成员“P:CDTY.DataAnalysis.Entity.TyeBaseSiteEntity.Publisher”忽略有格式错误的 XML 注释 -->
        <!-- 对于成员“P:CDTY.DataAnalysis.Entity.TyeBaseSiteEntity.PublishTime”忽略有格式错误的 XML 注释 -->
        <!-- 对于成员“P:CDTY.DataAnalysis.Entity.TyeBaseSiteEntity.IsRolledBack”忽略有格式错误的 XML 注释 -->
        <!-- 对于成员“P:CDTY.DataAnalysis.Entity.TyeBaseSiteEntity.VERSION”忽略有格式错误的 XML 注释 -->
        <!-- 对于成员“P:CDTY.DataAnalysis.Entity.TyeBaseSiteEntity.VERSIONINUSETIME”忽略有格式错误的 XML 注释 -->
        <!-- 对于成员“T:CDTY.DataAnalysis.Entity.TyeAdminUserEntity”忽略有格式错误的 XML 注释 -->
        <!-- 对于成员“P:CDTY.DataAnalysis.Entity.TyeAdminUserEntity.ID”忽略有格式错误的 XML 注释 -->
        <!-- 对于成员“P:CDTY.DataAnalysis.Entity.TyeAdminUserEntity.LeaderID”忽略有格式错误的 XML 注释 -->
        <!-- 对于成员“P:CDTY.DataAnalysis.Entity.TyeAdminUserEntity.Name”忽略有格式错误的 XML 注释 -->
        <!-- 对于成员“P:CDTY.DataAnalysis.Entity.TyeAdminUserEntity.PassWord”忽略有格式错误的 XML 注释 -->
        <!-- 对于成员“P:CDTY.DataAnalysis.Entity.TyeAdminUserEntity.EngName”忽略有格式错误的 XML 注释 -->
        <!-- 对于成员“P:CDTY.DataAnalysis.Entity.TyeAdminUserEntity.Sector”忽略有格式错误的 XML 注释 -->
        <!-- 对于成员“P:CDTY.DataAnalysis.Entity.TyeAdminUserEntity.CreateTime”忽略有格式错误的 XML 注释 -->
        <!-- 对于成员“P:CDTY.DataAnalysis.Entity.TyeAdminUserEntity.HeadShot”忽略有格式错误的 XML 注释 -->
        <!-- 对于成员“P:CDTY.DataAnalysis.Entity.TyeAdminUserEntity.LastLoginTime”忽略有格式错误的 XML 注释 -->
        <!-- 对于成员“P:CDTY.DataAnalysis.Entity.TyeAdminUserEntity.OtherInfo”忽略有格式错误的 XML 注释 -->
        <!-- 对于成员“T:CDTY.DataAnalysis.Entity.TyeAdminUsertaskEntity”忽略有格式错误的 XML 注释 -->
        <!-- 对于成员“P:CDTY.DataAnalysis.Entity.TyeAdminUsertaskEntity.ID”忽略有格式错误的 XML 注释 -->
        <!-- 对于成员“P:CDTY.DataAnalysis.Entity.TyeAdminUsertaskEntity.TaskName”忽略有格式错误的 XML 注释 -->
        <!-- 对于成员“P:CDTY.DataAnalysis.Entity.TyeAdminUsertaskEntity.TaskType”忽略有格式错误的 XML 注释 -->
        <!-- 对于成员“P:CDTY.DataAnalysis.Entity.TyeAdminUsertaskEntity.ProcessType”忽略有格式错误的 XML 注释 -->
        <!-- 对于成员“P:CDTY.DataAnalysis.Entity.TyeAdminUsertaskEntity.AnalystID”忽略有格式错误的 XML 注释 -->
        <!-- 对于成员“P:CDTY.DataAnalysis.Entity.TyeAdminUsertaskEntity.LeaderID”忽略有格式错误的 XML 注释 -->
        <!-- 对于成员“P:CDTY.DataAnalysis.Entity.TyeAdminUsertaskEntity.TaskStartTime”忽略有格式错误的 XML 注释 -->
        <!-- 对于成员“P:CDTY.DataAnalysis.Entity.TyeAdminUsertaskEntity.TaskEndTime”忽略有格式错误的 XML 注释 -->
        <!-- 对于成员“P:CDTY.DataAnalysis.Entity.TyeAdminUsertaskEntity.ProcessedFileCount”忽略有格式错误的 XML 注释 -->
        <!-- 对于成员“P:CDTY.DataAnalysis.Entity.TyeAdminUsertaskEntity.TotalFileCount”忽略有格式错误的 XML 注释 -->
        <!-- 对于成员“P:CDTY.DataAnalysis.Entity.TyeAdminUsertaskEntity.CompleteTime”忽略有格式错误的 XML 注释 -->
        <!-- 对于成员“P:CDTY.DataAnalysis.Entity.TyeAdminUsertaskEntity.IsAbandoned”忽略有格式错误的 XML 注释 -->
        <!-- 对于成员“P:CDTY.DataAnalysis.Entity.TyeAdminUsertaskEntity.LineID”忽略有格式错误的 XML 注释 -->
        <!-- 对于成员“P:CDTY.DataAnalysis.Entity.TyeAdminUsertaskEntity.StartSiteID”忽略有格式错误的 XML 注释 -->
        <!-- 对于成员“P:CDTY.DataAnalysis.Entity.TyeAdminUsertaskEntity.EndSiteID”忽略有格式错误的 XML 注释 -->
        <!-- 对于成员“P:CDTY.DataAnalysis.Entity.TyeAdminUsertaskEntity.StartPoleID”忽略有格式错误的 XML 注释 -->
        <!-- 对于成员“P:CDTY.DataAnalysis.Entity.TyeAdminUsertaskEntity.EndPoleID”忽略有格式错误的 XML 注释 -->
        <!-- 对于成员“P:CDTY.DataAnalysis.Entity.TyeAdminUsertaskEntity.LineDirection”忽略有格式错误的 XML 注释 -->
        <!-- 对于成员“P:CDTY.DataAnalysis.Entity.TyeAdminUsertaskEntity.OriginDataPatchID”忽略有格式错误的 XML 注释 -->
        <!-- 对于成员“P:CDTY.DataAnalysis.Entity.TyeAdminUsertaskEntity.Remark”忽略有格式错误的 XML 注释 -->
        <member name="T:CDTY.DataAnalysis.Entity.FileProcessStateEnum">
            <summary>
            数据包文件处理状态枚举
            </summary>
        </member>
        <member name="F:CDTY.DataAnalysis.Entity.FileProcessStateEnum.Init">
            <summary>
            待上传
            0：待上传 1：上传中  2:暂停  3：上传完成 4：上传失败 
            5：转换中 6：转换完成 7：转换失败 8：放弃 
            </summary>
        </member>
        <member name="F:CDTY.DataAnalysis.Entity.FileProcessStateEnum.Uploading">
            <summary>
            上传中
            </summary>
        </member>
        <member name="F:CDTY.DataAnalysis.Entity.FileProcessStateEnum.Stopped">
            <summary>
            暂停
            </summary>
        </member>
        <member name="F:CDTY.DataAnalysis.Entity.FileProcessStateEnum.UploadCompleted">
            <summary>
            上传完成
            </summary>
        </member>
        <member name="F:CDTY.DataAnalysis.Entity.FileProcessStateEnum.UploadFaild">
            <summary>
            上传失败
            </summary>
        </member>
        <member name="F:CDTY.DataAnalysis.Entity.FileProcessStateEnum.Converting">
            <summary>
            转换中
            </summary>
        </member>
        <member name="F:CDTY.DataAnalysis.Entity.FileProcessStateEnum.ConvertCompleted">
            <summary>
            转换完成
            </summary>
        </member>
        <member name="F:CDTY.DataAnalysis.Entity.FileProcessStateEnum.ConvertFaild">
            <summary>
            转换失败
            </summary>
        </member>
        <member name="F:CDTY.DataAnalysis.Entity.FileProcessStateEnum.Dispatch">
            <summary>
            放弃
            </summary>
        </member>
        <member name="T:CDTY.DataAnalysis.Entity.NotifyPropertyChanged">
            <summary>
            依赖属性基类
            </summary>
        </member>
        <member name="T:CDTY.DataAnalysis.Entity.PoleDetailEntity">
            <summary>
            杆的详细新
            </summary>
        </member>
        <member name="P:CDTY.DataAnalysis.Entity.PoleDetailEntity.PicData">
            <summary>
            图片数据
            </summary>
        </member>
        <member name="P:CDTY.DataAnalysis.Entity.PoleDetailEntity.PicName">
            <summary>
            图片名称
            </summary>
        </member>
        <member name="P:CDTY.DataAnalysis.Entity.PoleDetailEntity.AreaType">
            <summary>
            区域类型
            </summary>
        </member>
        <member name="T:CDTY.DataAnalysis.Entity.PoleInfoEntity">
            <summary>
            杆信息
            </summary>
        </member>
        <member name="P:CDTY.DataAnalysis.Entity.PoleInfoEntity.SiteName">
            <summary>
            战区名称
            </summary>
        </member>
        <member name="P:CDTY.DataAnalysis.Entity.PoleInfoEntity.IsAllChecked">
            <summary>
            杆下所有图片是否已查看
            </summary>
        </member>
        <member name="T:CDTY.DataAnalysis.Entity.TaskDistributionEntity">
            <summary>
            任务分配实体类
            </summary>
        </member>
        <member name="P:CDTY.DataAnalysis.Entity.TaskDistributionEntity.PoleScope">
            <summary>
            杆号范围
            </summary>
        </member>
        <member name="P:CDTY.DataAnalysis.Entity.TaskDistributionEntity.AnalysisProcess">
            <summary>
            分析进度
            </summary>
        </member>
    </members>
</doc>
