<?xml version="1.0"?>
<doc>
    <assembly>
        <name>Ty.Base.WpfBase</name>
    </assembly>
    <members>
        <member name="T:Ty.Base.WpfBase.ControlsSearchHelper">
            <summary>
            用于查找控件的工具类：找到父控件、子控件
            </summary>
        </member>
        <member name="M:Ty.Base.WpfBase.ControlsSearchHelper.GetParentObject``1(System.Windows.DependencyObject,System.String)">
            <summary>
            查找父控件
            </summary>
            <typeparam name="T">父控件的类型</typeparam>
            <param name="obj">要找的是obj的父控件</param>
            <param name="name">想找的父控件的Name属性</param>
            <returns>目标父控件</returns>
        </member>
        <member name="M:Ty.Base.WpfBase.ControlsSearchHelper.GetChildObject``1(System.Windows.DependencyObject,System.String)">
            <summary>
            查找子控件
            </summary>
            <typeparam name="T">子控件的类型</typeparam>
            <param name="obj">要找的是obj的子控件</param>
            <param name="name">想找的子控件的Name属性</param>
            <returns>目标子控件</returns>
        </member>
        <member name="M:Ty.Base.WpfBase.ControlsSearchHelper.GetChildObjects``1(System.Windows.DependencyObject,System.String)">
            <summary>
            获取所有同一类型的子控件
            </summary>
            <typeparam name="T">子控件的类型</typeparam>
            <param name="obj">要找的是obj的子控件集合</param>
            <param name="name">想找的子控件的Name属性</param>
            <returns>子控件集合</returns>
        </member>
        <member name="M:Ty.Base.WpfBase.ControlsSearchHelper.FindVisualChildren``1(System.Windows.DependencyObject)">
            <summary>
            查找子节点类型
            </summary>
            <typeparam name="T"></typeparam>
            <param name="depObj"></param>
            <returns></returns>
        </member>
        <member name="T:Ty.Base.WpfBase.ControlAttachEvent">
            <summary> 附加事件 </summary>
        </member>
        <member name="T:Ty.Base.WpfBase.ControlAttachProperty">
            <summary> 公共附加属性 </summary>
        </member>
        <member name="M:Ty.Base.WpfBase.ControlAttachProperty.SetMouseOverBorderBrush(System.Windows.DependencyObject,System.Windows.Media.Brush)">
            <summary>
            Sets the brush used to draw the mouse over brush.
            </summary>
        </member>
        <member name="M:Ty.Base.WpfBase.ControlAttachProperty.GetMouseOverBorderBrush(System.Windows.DependencyObject)">
            <summary>
            Gets the brush used to draw the mouse over brush.
            </summary>
        </member>
        <member name="F:Ty.Base.WpfBase.ControlAttachProperty.AttachContentProperty">
            <summary>
            附加组件模板
            </summary>
        </member>
        <member name="F:Ty.Base.WpfBase.ControlAttachProperty.WatermarkProperty">
            <summary>
            水印
            </summary>
        </member>
        <member name="F:Ty.Base.WpfBase.ControlAttachProperty.FIconProperty">
            <summary>
            字体图标
            </summary>
        </member>
        <member name="F:Ty.Base.WpfBase.ControlAttachProperty.FIconSizeProperty">
            <summary>
            字体图标
            </summary>
        </member>
        <member name="F:Ty.Base.WpfBase.ControlAttachProperty.FIconMarginProperty">
            <summary>
            字体图标
            </summary>
        </member>
        <member name="F:Ty.Base.WpfBase.ControlAttachProperty.AllowsAnimationProperty">
            <summary>
            启用旋转动画
            </summary>
        </member>
        <member name="F:Ty.Base.WpfBase.ControlAttachProperty.RotateAnimation">
            <summary>
            旋转动画刻度
            </summary>
        </member>
        <member name="M:Ty.Base.WpfBase.ControlAttachProperty.AllowsAnimationChanged(System.Windows.DependencyObject,System.Windows.DependencyPropertyChangedEventArgs)">
            <summary>
            绑定动画事件
            </summary>
        </member>
        <member name="F:Ty.Base.WpfBase.ControlAttachProperty.CornerRadiusProperty">
            <summary>
            Border圆角
            </summary>
        </member>
        <member name="F:Ty.Base.WpfBase.ControlAttachProperty.LabelProperty">
            <summary>
            TextBox的头部Label
            </summary>
        </member>
        <member name="F:Ty.Base.WpfBase.ControlAttachProperty.LabelTemplateProperty">
            <summary>
            TextBox的头部Label模板
            </summary>
        </member>
        <member name="F:Ty.Base.WpfBase.ControlAttachProperty.IsClearTextButtonBehaviorEnabledProperty">
            <summary>
            清除输入框Text值按钮行为开关
            </summary>
        </member>
        <member name="M:Ty.Base.WpfBase.ControlAttachProperty.IsClearTextButtonBehaviorEnabledChanged(System.Windows.DependencyObject,System.Windows.DependencyPropertyChangedEventArgs)">
            <summary>
            绑定清除Text操作的按钮事件
            </summary>
        </member>
        <member name="F:Ty.Base.WpfBase.ControlAttachProperty.DetailProperty">
            <summary>
            详细信息
            </summary>
        </member>
        <member name="F:Ty.Base.WpfBase.ControlAttachProperty.IsOpenFileButtonBehaviorEnabledProperty">
            <summary>
            选择文件命令行为开关
            </summary>
        </member>
        <member name="F:Ty.Base.WpfBase.ControlAttachProperty.IsOpenFolderButtonBehaviorEnabledProperty">
            <summary>
            选择文件夹命令行为开关
            </summary>
        </member>
        <member name="F:Ty.Base.WpfBase.ControlAttachProperty.IsSaveFileButtonBehaviorEnabledProperty">
            <summary>
            选择文件保存路径及名称
            </summary>
        </member>
        <member name="P:Ty.Base.WpfBase.ControlAttachProperty.ClearTextCommand">
            <summary>
            清除输入框Text事件命令，需要使用IsClearTextButtonBehaviorEnabledChanged绑定命令
            </summary>
        </member>
        <member name="F:Ty.Base.WpfBase.ControlAttachProperty.ClearTextCommandBinding">
            <summary>
            ClearTextCommand绑定事件
            </summary>
        </member>
        <member name="M:Ty.Base.WpfBase.ControlAttachProperty.ClearButtonClick(System.Object,System.Windows.Input.ExecutedRoutedEventArgs)">
            <summary>
            清除输入框文本值
            </summary>
        </member>
        <member name="P:Ty.Base.WpfBase.ControlAttachProperty.OpenFileCommand">
            <summary>
            选择文件命令，需要使用IsClearTextButtonBehaviorEnabledChanged绑定命令
            </summary>
        </member>
        <member name="F:Ty.Base.WpfBase.ControlAttachProperty.OpenFileCommandBinding">
            <summary>
            OpenFileCommand绑定事件
            </summary>
        </member>
        <member name="M:Ty.Base.WpfBase.ControlAttachProperty.OpenFileButtonClick(System.Object,System.Windows.Input.ExecutedRoutedEventArgs)">
            <summary>
            执行OpenFileCommand
            </summary>
        </member>
        <member name="P:Ty.Base.WpfBase.ControlAttachProperty.OpenFolderCommand">
            <summary>
            选择文件夹命令
            </summary>
        </member>
        <member name="F:Ty.Base.WpfBase.ControlAttachProperty.OpenFolderCommandBinding">
            <summary>
            OpenFolderCommand绑定事件
            </summary>
        </member>
        <member name="M:Ty.Base.WpfBase.ControlAttachProperty.OpenFolderButtonClick(System.Object,System.Windows.Input.ExecutedRoutedEventArgs)">
            <summary>
            执行OpenFolderCommand
            </summary>
        </member>
        <member name="P:Ty.Base.WpfBase.ControlAttachProperty.SaveFileCommand">
            <summary>
            选择文件保存路径及名称
            </summary>
        </member>
        <member name="F:Ty.Base.WpfBase.ControlAttachProperty.SaveFileCommandBinding">
            <summary>
            SaveFileCommand绑定事件
            </summary>
        </member>
        <member name="M:Ty.Base.WpfBase.ControlAttachProperty.SaveFileButtonClick(System.Object,System.Windows.Input.ExecutedRoutedEventArgs)">
            <summary>
            执行OpenFileCommand
            </summary>
        </member>
        <member name="M:Ty.Base.WpfBase.ControlAttachProperty.#cctor">
            <summary>
            静态构造函数
            </summary>
        </member>
        <member name="F:Ty.Base.WpfBase.ControlAttachProperty.IsBuzyProperty">
            <summary> 是否等待 </summary>
        </member>
        <member name="T:Ty.Base.WpfBase.RelayCommand">
            <summary> 带参数的命令 </summary>
        </member>
        <member name="M:Ty.Base.WpfBase.RelayCommand.op_Implicit(System.Action{System.Object})~Ty.Base.WpfBase.RelayCommand">
            <summary> 隐式转换 </summary>
        </member>
        <member name="T:Ty.Base.WpfBase.RelayCommand`1">
            <summary>
            广播命令：基本ICommand实现接口，带参数
            </summary>
        </member>
        <member name="M:Ty.Base.WpfBase.RelayCommand`1.Execute(System.Object)">
            <summary>
            定义在调用此命令时调用的方法。
            </summary>
            <param name="parameter">此命令使用的数据。如果此命令不需要传递数据，则该对象可以设置为 null。</param>
        </member>
        <member name="M:Ty.Base.WpfBase.RelayCommand`1.CanExecute(System.Object)">
            <summary>
            定义用于确定此命令是否可以在其当前状态下执行的方法。
            </summary>
            <returns>
            如果可以执行此命令，则为 true；否则为 false。
            </returns>
            <param name="parameter">此命令使用的数据。如果此命令不需要传递数据，则该对象可以设置为 null。</param>
        </member>
        <member name="T:Ty.Base.WpfBase.VisibilityConverter">
            <summary> 布尔转不可用 </summary>
        </member>
        <member name="T:Ty.Base.WpfBase.VisibilityEmptyConverter">
            <summary> 空文本不可用 </summary>
        </member>
        <member name="T:Ty.Base.WpfBase.VisibilityStringConverter">
            <summary> 匹配文本本不可用 </summary>
        </member>
        <member name="T:Ty.Base.WpfBase.LevelToColorConverter">
            <summary> 警告级别转换 </summary>
        </member>
        <member name="T:Ty.Base.WpfBase.IconConverter">
            <summary> 绑定图标转换 </summary>
        </member>
        <member name="T:Ty.Base.WpfBase.ColorToBrushConverter">
            <summary> 绑定图标转换 </summary>
        </member>
        <member name="T:Ty.Base.WpfBase.BackgroundToForegroundConverter">
            <summary> 根据背景色获取前景色。当然也可反着用 </summary>
        </member>
        <member name="T:Ty.Base.WpfBase.PercentToAngleConverter">
            <summary> 百分比转换为角度值 </summary>
        </member>
        <member name="T:Ty.Base.WpfBase.ThicknessToDoubleConverter">
            <summary>
            获取Thickness固定值double
            </summary>
        </member>
        <member name="T:Ty.Base.WpfBase.TrueToFalseConverter">
            <summary>
            这是一个颠倒黑白的世界
            </summary>
        </member>
        <member name="T:Ty.Base.WpfBase.PressedSizeConverter">
            <summary> 按下 </summary>
        </member>
        <member name="T:Ty.Base.WpfBase.MouseOverSizeConverter">
            <summary> 鼠标在上面 </summary>
        </member>
        <member name="T:Ty.Base.WpfBase.ComboBoxAutoSelectionConverter">
            <summary> 布尔转不可用 </summary>
        </member>
        <member name="T:Ty.Base.WpfBase.XConverter">
            <summary>
            类型转换
            </summary>
        </member>
        <member name="P:Ty.Base.WpfBase.XConverter.BooleanToVisibilityConverter">
            <summary>
            可见转换
            </summary>
        </member>
        <member name="P:Ty.Base.WpfBase.XConverter.VisibilityConverter">
            <summary>
            可见转换
            </summary>
        </member>
        <member name="P:Ty.Base.WpfBase.XConverter.ThicknessToDoubleConverter">
            <summary>
            边距转换
            </summary>
        </member>
        <member name="P:Ty.Base.WpfBase.XConverter.PercentToAngleConverter">
            <summary>
            百分比转换
            </summary>
        </member>
        <member name="P:Ty.Base.WpfBase.XConverter.TrueToFalseConverter">
            <summary>
            bool转换
            </summary>
        </member>
        <member name="T:Ty.Base.WpfBase.Properties.Resources">
            <summary>
              一个强类型的资源类，用于查找本地化的字符串等。
            </summary>
        </member>
        <member name="P:Ty.Base.WpfBase.Properties.Resources.ResourceManager">
            <summary>
              返回此类使用的缓存的 ResourceManager 实例。
            </summary>
        </member>
        <member name="P:Ty.Base.WpfBase.Properties.Resources.Culture">
            <summary>
              使用此强类型资源类，为所有资源查找
              重写当前线程的 CurrentUICulture 属性。
            </summary>
        </member>
        <member name="T:Ty.Base.WpfBase.Service.NotifyPropertyChanged">
            <summary> Mvvm绑定模型基类 </summary>
        </member>
    </members>
</doc>
